{"cameraMode":{"drawMode":0,"name":"Shaded","section":"Shading Mode"},"sceneLighting":false,"audioPlay":false,"sceneViewState":{"m_AlwaysRefresh":false,"showFog":true,"showSkybox":false,"showFlares":true,"showImageEffects":true,"showParticleSystems":true,"showVisualEffectGraphs":true,"m_FxEnabled":true},"in2DMode":false,"pivot":{"x":3.073364496231079e-8,"y":0.9818431735038757,"z":0.09220702201128006},"rotation":{"x":-0.0142124118283391,"y":-0.984031081199646,"z":0.0920858308672905,"w":-0.15176492929458619},"size":0.18047329783439637,"orthographic":false}