{"cameraMode":{"drawMode":0,"name":"Shaded","section":"Shading Mode"},"sceneLighting":true,"audioPlay":false,"sceneViewState":{"m_AlwaysRefresh":false,"showFog":true,"showSkybox":true,"showFlares":true,"showImageEffects":true,"showParticleSystems":true,"showVisualEffectGraphs":true,"m_FxEnabled":true},"in2DMode":false,"pivot":{"x":0.5880604982376099,"y":1.3677018880844117,"z":9.29595947265625},"rotation":{"x":-0.1363621950149536,"y":0.2841542959213257,"z":-0.040952619165182117,"w":-0.9485427141189575},"size":0.10437986999750138,"orthographic":false}