{"cameraMode":{"drawMode":0,"name":"Shaded","section":"Shading Mode"},"sceneLighting":true,"audioPlay":false,"sceneViewState":{"m_AlwaysRefresh":false,"showFog":true,"showSkybox":true,"showFlares":true,"showImageEffects":true,"showParticleSystems":true,"showVisualEffectGraphs":true,"m_FxEnabled":true},"in2DMode":false,"pivot":{"x":-0.017850494012236596,"y":1.1071547269821168,"z":-1.2135618925094605},"rotation":{"x":-0.3286992907524109,"y":0.001921589020639658,"z":-0.0003088776720687747,"w":-0.9447900652885437},"size":0.05490925908088684,"orthographic":false}