{"cameraMode":{"drawMode":0,"name":"Shaded","section":"Shading Mode"},"sceneLighting":true,"audioPlay":false,"sceneViewState":{"m_AlwaysRefresh":false,"showFog":true,"showSkybox":true,"showFlares":true,"showImageEffects":true,"showParticleSystems":true,"showVisualEffectGraphs":true,"m_FxEnabled":true},"in2DMode":false,"pivot":{"x":65.16868591308594,"y":75.76034545898438,"z":-216.69290161132813},"rotation":{"x":-0.0068400343880057339,"y":0.970384955406189,"z":0.0905342623591423,"w":0.23045556247234345},"size":112.07624816894531,"orthographic":false}