{"cameraMode":{"drawMode":0,"name":"Shaded","section":"Shading Mode"},"sceneLighting":true,"audioPlay":false,"sceneViewState":{"m_AlwaysRefresh":false,"showFog":true,"showSkybox":true,"showFlares":true,"showImageEffects":true,"showParticleSystems":true,"showVisualEffectGraphs":true,"m_FxEnabled":true},"in2DMode":false,"pivot":{"x":-11.128327369689942,"y":12.602348327636719,"z":150.17138671875},"rotation":{"x":-0.003231214825063944,"y":0.041945889592170718,"z":-0.002028494840487838,"w":-0.999763011932373},"size":70.71067810058594,"orthographic":false}