{"cameraMode":{"drawMode":0,"name":"Shaded","section":"Shading Mode"},"sceneLighting":true,"audioPlay":false,"sceneViewState":{"m_AlwaysRefresh":false,"showFog":true,"showSkybox":true,"showFlares":true,"showImageEffects":true,"showParticleSystems":true,"showVisualEffectGraphs":true,"m_FxEnabled":true},"in2DMode":false,"pivot":{"x":-0.4446023404598236,"y":1.1847026348114014,"z":-0.30189046263694765},"rotation":{"x":0.07354643195867539,"y":0.07260184735059738,"z":-0.005408201366662979,"w":0.9946588277816773},"size":0.663500189781189,"orthographic":false}