{"cameraMode":{"drawMode":0,"name":"Shaded","section":"Shading Mode"},"sceneLighting":true,"audioPlay":false,"sceneViewState":{"m_AlwaysRefresh":false,"showFog":true,"showSkybox":true,"showFlares":true,"showImageEffects":true,"showParticleSystems":true,"showVisualEffectGraphs":true,"m_FxEnabled":true},"in2DMode":false,"pivot":{"x":-9.463897705078125,"y":15.915266036987305,"z":30.400123596191408},"rotation":{"x":-0.013555512763559819,"y":0.9094517827033997,"z":-0.07984981685876847,"w":-0.4119565486907959},"size":8.789278030395508,"orthographic":false}