{"cameraMode":{"drawMode":0,"name":"Shaded","section":"Shading Mode"},"sceneLighting":true,"audioPlay":false,"sceneViewState":{"m_AlwaysRefresh":false,"showFog":true,"showSkybox":true,"showFlares":true,"showImageEffects":true,"showParticleSystems":true,"showVisualEffectGraphs":true,"m_FxEnabled":true},"in2DMode":false,"pivot":{"x":-40.23581314086914,"y":50.34517288208008,"z":19.98380470275879},"rotation":{"x":0.07590005546808243,"y":-0.8590612411499023,"z":0.14804646372795106,"w":0.48646244406700137},"size":32.820091247558597,"orthographic":false}