{"cameraMode":{"drawMode":0,"name":"Shaded","section":"Shading Mode"},"sceneLighting":true,"audioPlay":false,"sceneViewState":{"m_AlwaysRefresh":false,"showFog":true,"showSkybox":true,"showFlares":true,"showImageEffects":true,"showParticleSystems":true,"showVisualEffectGraphs":true,"m_FxEnabled":true},"in2DMode":false,"pivot":{"x":-0.3370826840400696,"y":1.0108026266098023,"z":0.056695614010095599},"rotation":{"x":0.4699099659919739,"y":0.10456226766109467,"z":-0.05354297533631325,"w":0.8755465149879456},"size":0.2660253643989563,"orthographic":false}