{"cameraMode":{"drawMode":0,"name":"Shaded","section":"Shading Mode"},"sceneLighting":true,"audioPlay":false,"sceneViewState":{"m_AlwaysRefresh":false,"showFog":true,"showSkybox":true,"showFlares":true,"showImageEffects":true,"showParticleSystems":true,"showVisualEffectGraphs":true,"m_FxEnabled":true},"in2DMode":false,"pivot":{"x":11.29796028137207,"y":1.832257628440857,"z":-1.0183091163635255},"rotation":{"x":-0.06685236096382141,"y":0.06483982503414154,"z":0.00718883890658617,"w":0.9962369799613953},"size":0.2660253643989563,"orthographic":false}