{"cameraMode":{"drawMode":0,"name":"Shaded","section":"Shading Mode"},"sceneLighting":true,"audioPlay":false,"sceneViewState":{"m_AlwaysRefresh":false,"showFog":true,"showSkybox":true,"showFlares":true,"showImageEffects":true,"showParticleSystems":true,"showVisualEffectGraphs":true,"m_FxEnabled":true},"in2DMode":false,"pivot":{"x":-0.9275944232940674,"y":-5.119503974914551,"z":5.800351142883301},"rotation":{"x":-0.4231586456298828,"y":0.014327598735690117,"z":-0.005745295900851488,"w":-0.9063071608543396},"size":7.146706581115723,"orthographic":false}