{"cameraMode":{"drawMode":0,"name":"Shaded","section":"Shading Mode"},"sceneLighting":true,"audioPlay":false,"sceneViewState":{"m_AlwaysRefresh":false,"showFog":true,"showSkybox":true,"showFlares":true,"showImageEffects":true,"showParticleSystems":true,"showVisualEffectGraphs":true,"m_FxEnabled":true},"in2DMode":false,"pivot":{"x":0.15285110473632813,"y":0.6111480593681336,"z":1.1783913373947144},"rotation":{"x":-0.2319478839635849,"y":-0.24607276916503907,"z":0.059967540204524997,"w":-0.9396703243255615},"size":0.8660253882408142,"orthographic":false}